E0,P-0,
E1,P-1,
E2,P-2,
E3,P-3,
E4,P-4,
E5,P-5,
E6,P-6,
E7,P-7,
E8,P-8,
E9,P-9,
E10,P-10,
E11,P-11,
E12,P-12,
E13,P-13,
E14,P-14,
E15,P-15,
E16,P-0,
E17,P-1,
E18,P-2,
E19,P-3,
E20,P-4,2024-04-15
E21,P-5,2023-12-15
E22,P-6,
E23,P-7,
E24,P-8,
E25,P-9,2024-02-15
E26,P-10,
E27,P-11,2024-03-15
E28,P-12,2023-09-15
E29,P-13,2024-01-15
E30,P-14,2024-06-15
E31,P-15,
E32,P-0,
E33,P-1,2024-07-15
E34,P-2,
E35,P-3,2023-11-15
E36,P-4,
E37,P-5,
E38,P-6,
E39,P-7,2023-10-15
E40,P-8,2024-06-15
E41,P-9,2024-03-15
E42,P-10,
E43,P-11,2023-08-15
E44,P-12,2024-05-15
E45,P-13,2024-01-15
E46,P-14,2024-03-15
E47,P-15,2024-05-15
E48,P-0,2024-07-15
E49,P-1,
E50,P-2,
E51,P-3,2024-07-15
E52,P-4,
E53,P-5,
E54,P-6,2023-09-15
E55,P-7,2023-11-15
E56,P-8,2024-04-15
E57,P-9,
E58,P-10,2024-06-15
E59,P-11,2023-10-15
E60,P-12,
E61,P-13,
E62,P-14,2024-04-15
E63,P-15,
E64,P-0,
E65,P-1,2024-05-15
E66,P-2,2024-06-15
E67,P-3,
E68,P-4,2023-09-15
E69,P-5,2023-08-15
E70,P-6,2024-05-15
E71,P-7,2023-09-15
E72,P-8,
E73,P-9,
E74,P-10,2023-10-15
E75,P-11,2023-12-15
E76,P-12,
E77,P-13,2024-04-15
E78,P-14,2023-09-15
E79,P-15,
E80,P-0,2023-09-15
E81,P-1,
E82,P-2,
E83,P-3,2023-11-15
E84,P-4,
E85,P-5,2023-09-15
E86,P-6,2023-08-15
E87,P-7,
E88,P-8,
E89,P-9,2024-03-15
E90,P-10,
E91,P-11,2024-05-15
E92,P-12,
E93,P-13,
E94,P-14,
E95,P-15,2023-10-15
E96,P-0,
E97,P-1,2023-09-15
E98,P-2,2024-03-15
E99,P-3,
